[
{	"pk": 1, 
	"model": "auth.group", 
	"fields": {
		"name": "All Users", 
		"permissions": []
	}
},
{
	"model" : "auth.user",
	"pk" : 1,
	"fields": {
		"first_name" : "Ethan",
		"last_name"	: "Myers",
		"username" : "eymyers@stanford.edu",
		"password" : "bcrypt_sha256$$2a$12$G3mGT3m8EDNM6phXH7c8Z.7e.a4q8NEBElnRfsPCR6u39FeKxaZDe",
		"groups" : [1]
	}
},
{
	"model" : "pickupApp.userinfo",
	"pk" : 1,
	"fields": {
		"profile_picture": "http://fashionlawsymposium.com/wp-content/uploads/2013/10/person-placeholder.jpg",
		"user" : 1
	}
},
{
	"model" : "auth.user",
	"pk" : 2,
	"fields": {
		"first_name" : "Andy",
		"last_name"	: "Mai",
		"username" : "andymai@stanford.edu",
		"password" : "bcrypt_sha256$$2a$12$G3mGT3m8EDNM6phXH7c8Z.7e.a4q8NEBElnRfsPCR6u39FeKxaZDe",
		"groups" : [1]
	}
},
{
	"model" : "pickupApp.userinfo",
	"pk" : 2,
	"fields": {
		"profile_picture":"http://fashionlawsymposium.com/wp-content/uploads/2013/10/person-placeholder.jpg",
		"user" : 2
	}
},
{
	"model" : "auth.user",
	"pk" : 3,
	"fields": {
		"first_name" : "Claire",
		"last_name"	: "Negiar",
		"username" : "cnegiar@stanford.edu",
		"password" : "bcrypt_sha256$$2a$12$G3mGT3m8EDNM6phXH7c8Z.7e.a4q8NEBElnRfsPCR6u39FeKxaZDe"
	}
},
{
	"model" : "pickupApp.userinfo",
	"pk" : 3,
	"fields": {
		"profile_picture":"http://fashionlawsymposium.com/wp-content/uploads/2013/10/person-placeholder.jpg",
		"user" : 3
	}
},
{
	"model" : "auth.user",
	"pk" : 4,
	"fields": {
		"first_name" : "Joe",
		"last_name"	: "Abbott",
		"username" : "jrabbott@stanford.edu",
		"password" : "bcrypt_sha256$$2a$12$G3mGT3m8EDNM6phXH7c8Z.7e.a4q8NEBElnRfsPCR6u39FeKxaZDe"
	}
},
{
	"model" : "pickupApp.userinfo",
	"pk" : 4,
	"fields": {
		"profile_picture":"http://fashionlawsymposium.com/wp-content/uploads/2013/10/person-placeholder.jpg",
		"user" : 4
	}
},
{
	"model" : "auth.user",
	"pk" : 5,
	"fields": {
		"first_name" : "Kennan",
		"last_name"	: "Murphy-Sierra",
		"username" : "kennan@stanford.edu",
		"password" : "bcrypt_sha256$$2a$12$G3mGT3m8EDNM6phXH7c8Z.7e.a4q8NEBElnRfsPCR6u39FeKxaZDe"
	}
},
{
	"model" : "pickupApp.userinfo",
	"pk" : 5,
	"fields": {
		"profile_picture":"http://fashionlawsymposium.com/wp-content/uploads/2013/10/person-placeholder.jpg", 
		"user" : 5
	}
},
{
	"pk": 1, 
	"model": "pickupApp.location", 
	"fields": {
		"name": "Wilbur Field", 
		"longitude": -122.16, 
		"latitude": 37.422
	}
},
{
	"pk": 2, 
	"model": "pickupApp.location", 
	"fields": {
		"name": "Arillaga Gym", 
		"longitude": -122.1610399, 
		"latitude": 37.4289119
	}
},
{
	"pk": 3, 
	"model": "pickupApp.location", 
	"fields": {
		"name": "Golf Course", 
		"longitude": -122.1800939, 
		"latitude": 37.4234518
	}
},
{
	"pk": 1, 
	"model": "pickupApp.game", 
	"fields": {
		"name": "Ethans Game", 
		"creator": 1, 
		"dateCreated": "2014-01-30T08:54:45.397Z", 
		"timeStart": "2014-01-30T08:54:42Z", 
		"users": [1,2,5], 
		"sport": 7, 
		"description": "fratpad",
		"location":1,
		"cap":0
	}
},
{
	"pk": 2, 
	"model": "pickupApp.game", 
	"fields": {
		"name": "Andy Game", 
		"creator": 1, 
		"dateCreated": "2014-01-30T08:54:45.397Z", 
		"timeStart": "2014-01-30T08:54:42Z", 
		"users": [1], 
		"sport": 3, 
		"description": "fratpad",
		"location":1,
		"cap":0
	}
},
{
	"pk": 3, 
	"model": "pickupApp.game", 
	"fields": {
		"name": "Ethans Game", 
		"creator": 1, 
		"dateCreated": "2014-01-30T08:54:45.397Z", 
		"timeStart": "2014-01-30T08:54:42Z", 
		"users": [1], 
		"sport": 6, 
		"description": "fratpad",
		"location":3,
		"cap":3
	}
},
{
	"pk": 4, 
	"model": "pickupApp.game", 
	"fields": {
		"name": "Ethans Game", 
		"creator": 1, 
		"dateCreated": "2014-01-30T08:54:45.397Z", 
		"timeStart": "2014-01-30T08:54:42Z", 
		"users": [1], 
		"sport": 1, 
		"description": "fratpad",
		"location":2,
		"cap":10
	}
},
{
	"pk": 5, 
	"model": "pickupApp.game", 
	"fields": {
		"name": "French House Pickup Soccer", 
		"creator": 2, 
		"dateCreated": "2014-01-30T08:54:45.397Z", 
		"timeStart": "2014-02-14T10:54:45.397Z", 
		"users": [1, 2, 3, 4, 5], 
		"sport": 3, 
		"description": "Winning team gets free crepes",
		"location":1,
		"cap":10
	}
},
{
	"pk": 6, 
	"model": "pickupApp.game", 
	"fields": {
		"name": "Weekly Pickup Football", 
		"creator": 4, 
		"dateCreated": "2014-01-30T08:54:45.397Z", 
		"timeStart": "2014-02-12T10:54:45.397Z", 
		"users": [1, 2, 4, 5], 
		"sport": 2, 
		"description": "Keeping football going after the Super Bowl",
		"location":1,
		"cap":10
	}
},
{
	"pk": 7, 
	"model": "pickupApp.game", 
	"fields": {
		"name": "Weekly Pickup Football", 
		"creator": 4, 
		"dateCreated": "2014-01-30T08:54:45.397Z", 
		"timeStart": "2014-03-12T10:54:45.397Z", 
		"users": [1, 2, 4, 5], 
		"sport": 2, 
		"description": "Keeping football going after the Super Bowl",
		"location":1,
		"cap":10
	}
},
{
	"pk": 8, 
	"model": "pickupApp.game", 
	"fields": {
		"name": "Weekly Pickup Soccer", 
		"creator": 1, 
		"dateCreated": "2014-01-30T08:54:45.397Z", 
		"timeStart": "2014-03-14T10:54:45.397Z", 
		"users": [1, 2, 3, 4, 5], 
		"sport": 3, 
		"description": "Champions League",
		"location":1,
		"cap":10
	}
},
{
	"pk": 9, 
	"model": "pickupApp.game", 
	"fields": {
		"name": "Super Bowl Football", 
		"creator": 2, 
		"dateCreated": "2014-01-30T08:54:45.397Z", 
		"timeStart": "2014-04-12T10:54:45.397Z", 
		"users": [1, 2, 4, 5], 
		"sport": 2, 
		"description": "Competitive. Good players only",
		"location":1,
		"cap":10
	}
},
{
	"pk": 10, 
	"model": "pickupApp.game", 
	"fields": {
		"name": "End of Quarter Pickup Football", 
		"creator": 3, 
		"dateCreated": "2014-01-30T08:54:45.397Z", 
		"timeStart": "2014-03-27T10:54:45.397Z", 
		"users": [1, 2, 3, 4, 5], 
		"users": [1, 2, 3, 4, 5], 
		"sport": 2, 
		"description": "Keeping football going after the Super Bowl",
		"location":1,
		"cap":10
	}
},
{
	"pk": 11, 
	"model": "pickupApp.game", 
	"fields": {
		"name": "Football with Freshmen", 
		"creator": 4, 
		"dateCreated": "2014-01-30T08:54:45.397Z", 
		"timeStart": "2014-03-28T10:54:45.397Z", 
		"users": [1, 2, 3, 4, 5], 
		"sport": 2, 
		"description": "Recreational",
		"location":2,
		"cap":10
	}
},
{
	"model" : "pickupApp.sport",
	"pk" : 1,
	"fields": {
		"name":"basketball"
	}
},
{
	"model" : "pickupApp.sport",
	"pk" : 2,
	"fields": {
		"name":"football"
	}
},
{
	"model" : "pickupApp.sport",
	"pk" : 3,
	"fields": {
		"name":"soccer"
	}
},
{
	"model" : "pickupApp.sport",
	"pk" : 4,
	"fields": {
		"name":"volleyball"
	}
},
{
	"model" : "pickupApp.sport",
	"pk" : 5,
	"fields": {
		"name":"tennis"
	}
},
{
	"model" : "pickupApp.sport",
	"pk" : 6,
	"fields": {
		"name":"golf"
	}
},
{
	"model" : "pickupApp.sport",
	"pk" : 7,
	"fields": {
		"name":"frisbee"
	}
},
{
	"model" : "pickupApp.usersportlevel",
	"pk" : 1,
	"fields": {
		"user": 1,
		"sport": 1,
		"level": 3
	}
},
{
	"model" : "pickupApp.usersportlevel",
	"pk" : 2,
	"fields": {
		"user": 1,
		"sport": 2,
		"level": 2
	}
},
{
	"model" : "pickupApp.usersportlevel",
	"pk" : 3,
	"fields": {
		"user": 1,
		"sport": 4,
		"level": 3
	}
},
{
	"model" : "pickupApp.usersportlevel",
	"pk" : 4,
	"fields": {
		"user": 2,
		"sport": 1,
		"level": 3
	}
},
{
	"model" : "pickupApp.usersportlevel",
	"pk" : 5,
	"fields": {
		"user": 2,
		"sport": 2,
		"level": 2
	}
},
{
	"model" : "pickupApp.usersportlevel",
	"pk" : 6,
	"fields": {
		"user": 2,
		"sport": 3,
		"level": 3
	}
},
{
	"model" : "pickupApp.usersportlevel",
	"pk" : 7,
	"fields": {
		"user": 3,
		"sport": 4,
		"level": 3
	}
},{
	"model" : "pickupApp.usersportlevel",
	"pk" : 8,
	"fields": {
		"user": 4,
		"sport": 2,
		"level": 3
	}
},{
	"model" : "pickupApp.usersportlevel",
	"pk" : 9,
	"fields": {
		"user": 5,
		"sport": 2,
		"level": 3
	}
}
]